"cons_carp","cons_walk","cons_bike","cons_ptwalk","s_age2_walk","s_age2_bike","s_age2_ptwalk","s_age4_carp","s_age4_walk","s_age4_bike","s_age4_ptwalk","s_age5_carp","s_age5_walk","s_age6_walk","s_age7_walk","s_female_carp","s_female_walk","s_female_bike","s_female_ptwalk","s_inc1_carp","s_inc1_ptwalk","s_inc1_walk","s_inc2_ptwalk","s_inc2_walk","s_inc2_bike","s_inc3_walk","s_inc4_carp","s_inc4_walk","s_inc4_bike","s_inc4_ptwalk","s_cars_walk","s_cars_bike","s_cars_ptwalk","s_bikes_carp","s_bikes_ptwalk","s_work2_carp","s_work2_walk","s_work2_bike","s_work2_ptwalk","s_work3_walk","s_work4_carp","s_work4_walk","s_work4_bike","s_work4_ptwalk","s_work5_carp","s_vgvi_walk","s_vgvi_bike","s_light_walk","s_light_bike","s_shannon_walk","s_shannon_bike","s_crime_walk","s_crime_bike","s_streslnk_bike","s_stresjct_walk","s_timecarp","s_distwalk","s_distbike","s_timept","lambda_car","logLike"
0,0,0,0,0,0,0,0,0,0,0,0,0,0,0,0,0,0,0,0,0,0,0,0,0,0,0,0,0,0,0,0,0,0,0,0,0,0,0,0,0,0,0,0,0,0,0,0,0,0,0,0,0,0,0,0,0,0,0,1,-28754.7885027422
0,0,0,0,0,0,0,0,0,0,0,0,0,0,0,0,0,0,0,0,0,0,0,0,0,0,0,0,0,0,0,0,0,0,0,0,0,0,0,0,0,0,0,0,0,0,0,0,0,0,0,0,0,0,0,0,0,0,0,1,-28754.7885027422
-1.66723583340645e-07,4.65862656831742e-07,-2.10468863844872e-07,-5.90577663183213e-07,9.23101866245271e-08,-1.87187200784683e-08,-4.3185493350029e-08,-6.60466343164444e-08,7.30535250902176e-08,-4.98810881376267e-08,-1.07334314584732e-07,-4.7759360074997e-08,4.08780801296234e-08,2.14002346992493e-08,2.56273066997528e-08,-2.90952527523041e-08,2.54511786699295e-07,-1.28163839578629e-07,-3.26792532801628e-07,-7.15243518352509e-08,-9.39704316854478e-08,1.2360908806324e-07,-1.0156714618206e-07,9.19278937578202e-08,-2.80166399478913e-08,8.08577710390092e-08,3.85024011135102e-09,5.85728001594544e-08,-4.20659202337265e-08,-8.57702404260636e-08,3.01146112680435e-07,-3.15260927677155e-07,-7.93305087685586e-07,1.4966784119606e-08,-4.66886655688286e-07,-2.8783957362175e-08,2.62662822008133e-08,-2.45104640722275e-08,-4.95916372537613e-08,2.04854613542557e-08,1.00630528330803e-07,1.24059647917748e-07,-5.34200316667557e-08,-9.0898432135582e-08,-7.84902822971345e-08,7.80176222324372e-08,-5.49793291091919e-08,9.72846150398255e-10,-3.55947017669678e-10,1.21235536336899e-07,-4.79244369268418e-08,1.90243947505951e-08,-4.56626117229462e-09,-1.18419090509415e-07,2.20300114154816e-08,2.92575360071659e-05,2.17435949742794e-06,-1.56594993114472e-06,-0.000837312464703322,1.00000031659716,-27957.5424136226
-1.64953820650919e-06,2.1809292089714e-06,-1.41697200418691e-06,-1.68220761398999e-06,4.93407995042316e-07,-1.28835640942155e-07,-8.43422913891679e-08,-4.88374872400612e-07,3.51314371090213e-07,-3.33701234385011e-07,-3.61170682219371e-07,-3.70561503468735e-07,1.66087474148978e-07,5.21255305813899e-08,-4.00909241793886e-09,-5.38251946435595e-07,1.18243494218644e-06,-8.52278868824374e-07,-9.21642805456847e-07,-5.55208397941241e-07,-2.63373531015266e-07,6.20892586544886e-07,-2.40836949049527e-07,4.25735068102292e-07,-1.91347346934573e-07,4.1362500936187e-07,-5.2219518038987e-08,2.80519394689305e-07,-2.80433782018006e-07,-2.73672963424052e-07,1.11803739218262e-06,-2.11286316483376e-06,-2.42936829605952e-06,-2.76542174914548e-07,-1.44555680772618e-06,-2.19930343770186e-07,1.12965016015019e-07,-1.62672939986587e-07,-1.54346191445473e-07,-4.69761967394081e-08,5.09403822293796e-07,6.54998251661238e-07,-3.60043071255503e-07,-2.59641324821741e-07,-6.02260314990037e-07,2.97634664935315e-07,-3.74602611557623e-07,5.07384509120319e-09,-2.34102751896177e-09,6.00238742340915e-07,-3.18805114641022e-07,1.01543054353458e-07,-3.02543814626404e-08,-7.94702927604221e-07,1.09145030444396e-07,-6.86719223673742e-05,8.13207646214871e-06,-1.06343879541319e-05,-0.000843025135008231,1.00000127495771,-27948.9528533416
-0.0209443575962447,0.0258519311348457,-0.0194091545789205,-0.0172426499920755,0.00622192582246877,-0.00177372760558575,-0.000650049806288096,-0.00631551657685829,0.00423407367231048,-0.00456072610275799,-0.00400874846313788,-0.00475492578921594,0.00181021357195614,0.000315715964708374,-0.000824910840073681,-0.00667320653857305,0.0139691109415718,-0.0116272852022724,-0.0093947582770973,-0.00733349776799235,-0.002681313682662,0.00764615249296362,-0.00219770474374912,0.00501493346969695,-0.00262621471906646,0.00511592298052062,-0.00054675026246664,0.00336405713472756,-0.00383025236964723,-0.00296769795839877,0.0113978407570175,-0.0289342500106496,-0.0258290542204185,-0.00263188021616633,-0.0154314427754706,-0.00283505694265602,0.00128211334885762,-0.00221821280388068,-0.00165352014012375,-0.00145593781221713,0.00685940089990671,0.00822093479215935,-0.0049315236786048,-0.00266403774728328,-0.00792104708713697,0.00309007366727659,-0.00515530179794213,6.31673587301276e-05,-3.18799749370258e-05,0.00732837792835811,-0.00434774777340659,0.00128195853344384,-0.00041193817447915,-0.0108695871399948,0.0013326273255841,0.0003622082882687,0.0830733287745011,-0.146235825045066,-0.000730094001757467,1.01488660062542,-27379.2742242112
-0.0503493561909123,0.041347288117557,-0.0398308970520247,-0.0438185100225467,0.013749901661352,-0.00342133923504533,-0.00148841357644877,-0.0160914106732686,0.00660771515200006,-0.00948479954341347,-0.0103905218997302,-0.0120148740099764,0.0012551769026407,-0.00230399084898006,-0.00762578695507263,-0.0145936630611207,0.0216592960309858,-0.024494911157764,-0.0237604484181023,-0.0176468622302601,-0.00648565542796583,0.01599884550886,-0.00544312218824841,0.00824572701736761,-0.0052402549771457,0.0101070816359653,-0.00112475653713593,0.00516266195388015,-0.00806915241386071,-0.00772340124253698,-0.0044141869617406,-0.0600507286670114,-0.0669782795531185,-0.00866420359166968,-0.0409128773575586,-0.00717808922472647,0.00115645259785499,-0.00469046192415437,-0.00426750432131591,-0.00983210174952059,0.018550676318876,0.0170076595382198,-0.0101311769039527,-0.00679257401708006,-0.019337722566837,0.000973435857059734,-0.0104249821264965,0.000131482269320178,-6.74025948593822e-05,0.0135448081421298,-0.00904728113451065,0.0028174332904938,-0.000862562148014536,-0.022416517783642,0.00249519944823008,-0.000334587033305551,0.0125317563631062,-0.296646696857678,-0.000853731405094689,1.05005050869795,-26346.7031485409
-0.708124664546298,0.48021305967023,-0.0554854226628396,-0.529953056037287,0.159452544503814,0.00656195718728466,-0.0181806923580414,-0.212004873301685,0.0645261067987767,-0.0193888767758309,-0.126524234418629,-0.154061708286071,0.0103312470620318,-0.0262106398568263,-0.0710711892659453,-0.223454655602332,0.241479249957104,-0.0652500741812608,-0.281864874940151,-0.222703798362932,-0.0831661270193893,0.188412424530021,-0.0651438517994567,0.103089493996577,0.000693016857916116,0.121519669430478,-0.0313118092378374,0.0564441603938373,-0.0221995200463425,-0.0924665188916683,-0.0694613823747522,-0.122971888530011,-0.785247247158564,-0.349938210527007,-0.514963375727816,-0.094575005551168,0.00755597721530246,-0.0133780261953045,-0.051088230642436,-0.098010812739394,0.187303556949051,0.187169555960695,-0.0146310014533053,-0.0821896462750838,-0.249443171497677,0.00359900093115755,-0.00834407149243835,0.00155660876242003,-0.000183519040409757,0.160300616375105,-0.0179353944450865,0.0338477381615281,-0.00186792420689842,-0.0362747510622524,0.0297153060311846,0.00135512297114156,-0.0871599706931141,-0.280556590885773,-5.22475066798405e-05,1.28093297786752,-23048.0543772748
-0.81027320052151,0.767989163890733,-0.0659890450663606,-0.74536620573674,0.235815298087319,0.0175602093014882,0.00409960791329196,-0.255085976647519,0.0501094665281589,-0.0285133067656253,-0.183612381656549,-0.203269920245542,0.0100625911712221,-0.0294454481221683,-0.0518960588876621,-0.0532086066073463,0.21818283692805,-0.100713893619358,-0.349485013187933,-0.244771563687355,-0.144099659056318,0.215143481688517,-0.08300141063696,0.182677584264855,0.00792881264789124,0.212595794642009,-0.00278713811364764,0.103214188304639,-0.0349559551415681,-0.128489446255187,0.0138243712302344,-0.172384263814268,-1.03073179161191,0.0495064691234232,-0.582339898990725,-0.115169315512947,-0.0152853884904703,-0.0214495773337847,-0.0691982530665858,-0.0920186099451231,0.407853425202729,0.263483635468106,-0.0159638126134596,-0.0853746932313764,-0.271849519265333,0.00748202360181146,-0.00453323783138857,0.00275933882923762,-0.000303966806295592,0.239159859417893,-0.0251660860409182,0.0541260574737865,-0.00280815451524245,-0.0471978390174261,0.0471623789385182,0.000971320005713527,-0.132478973103512,-0.223311153535649,0.000279696239591949,1.34800980217557,-22285.8712280796
-0.9845934916875,1.08832394561967,-0.0845867984810408,-0.841448138468445,0.317130083229971,0.0326010295182055,0.0576815079650574,-0.316255862663877,0.0246762754673986,-0.0426143783926975,-0.221977515427563,-0.261005417817739,0.00239372590455322,-0.0382978586581545,-0.0499226305127709,0.123881942768769,0.146632013851652,-0.148298588692585,-0.316024173536936,-0.242063097821616,-0.199426056908847,0.207486615556109,-0.0745896525224354,0.264798162753187,0.0168796877997615,0.320020830776253,0.0104885952202804,0.166667837567732,-0.0518467293353307,-0.145758068206893,0.0889311249271925,-0.236540630365223,-1.06015788517972,0.0996074404213343,-0.453925357543348,-0.144832300902636,-0.0468219502190187,-0.0324454414933629,-0.0759398324617082,-0.105683210587729,0.609973411872044,0.373050892619631,-0.0152729202263733,-0.0452769844373165,-0.2761796899411,0.0111006813987269,-0.00124148581814219,0.00424682959297065,-0.000466191233752797,0.313818799808313,-0.0350004350243422,0.0772102402212529,-0.00399963803072712,-0.0644897975010561,0.0664359700385391,0.000733397043820597,-0.212303513273168,-0.221463116586575,0.000204714626524986,1.13752395532992,-21650.2724746182
-1.15269762343025,1.83243088569422,-0.124678470020712,-1.15949096070908,0.467964466491939,0.0806978456047933,0.206596133530526,-0.45878246266832,-0.0468905407462246,-0.0834311618270825,-0.339717986029675,-0.37221221821186,-0.0446831983575281,-0.0724206368139215,-0.0501437421661574,0.632938328899664,0.126246470438052,-0.267720195517134,-0.260251882583276,-0.25188844334794,-0.366012325881454,0.27504520657728,-0.0601984628122447,0.436066239287912,0.0439498219912606,0.521065130162967,0.121932568970528,0.27513217246947,-0.0939891741831372,-0.19595952709222,-0.293236009557009,-0.372547423018028,-1.15921942279304,0.167812259299915,-0.197876902772015,-0.230068881562818,-0.119352327609499,-0.0617683293373483,-0.102086494618144,-0.148656896878833,1.25225800881131,0.613551515006904,0.00168235344090133,0.0716198896083633,-0.211437499255387,0.0121792430730931,0.0106082785240443,0.00763123655497062,-0.000883884517334105,0.443942705365215,-0.0580148861398949,0.133918094813679,-0.00667191683933957,-0.107774659671139,0.111985568201388,-0.000202394922632136,-0.310150871897221,-0.219349100299011,0.000140979937813474,0.532936758484828,-20964.1142201555
-1.13922535335415,2.3211193765576,-0.150210392328937,-1.30722856754211,0.558317248249855,0.116601810348853,0.326158515033652,-0.531173842397718,-0.102978655822626,-0.113139896496751,-0.412056529846998,-0.421213321333164,-0.0751403641081614,-0.0952865630651539,-0.0631116920656467,1.01660833296301,0.104633783808918,-0.350139280374004,-0.170052641335734,-0.218450671066387,-0.455417062513633,0.279977407819816,-0.0351384573584973,0.529620119989548,0.0638494825202233,0.64824359055061,0.206436042257936,0.356484574718332,-0.123480114799374,-0.224849906277591,-0.465728752648864,-0.46402287519264,-1.1701043762743,0.0171247355447942,0.028377988727665,-0.282155577154994,-0.170518195180546,-0.0827845381657695,-0.11576369390224,-0.189511172248401,1.66503682236594,0.782389806004949,0.0177378785082519,0.172890411021493,-0.102257452562632,0.0161224869809213,0.0208802416057091,0.00993552008206668,-0.0011797006443992,0.511525615703665,-0.0741885531956739,0.17129212503827,-0.00852974511547685,-0.138053060870588,0.141429595679723,-0.000381157877142812,-0.3367306075105,-0.179617133983189,0.000172902979601484,0.595696621158125,-20628.9647013752
-1.1219795335833,3.11187101460376,-0.188835382848842,-1.31337437789937,0.569310840522949,0.223876454054891,0.681641585915333,-0.550703640004433,-0.244091320973634,-0.192832038977358,-0.561854818732712,-0.387770436887657,-0.155998469917514,-0.143186002204752,-0.189417269407244,0.729650174596261,0.544466734696392,-0.513036459070485,0.244785670248031,-0.18139628917938,-0.464961090118373,0.1594413326796,0.101895122281158,0.45878603699566,0.120483893665519,0.689812946747838,0.377198653418799,0.509388074093101,-0.188230455819367,-0.283056806027151,-0.577667271903412,-0.644398740760939,-1.13746381514718,0.0792230764186412,0.299625151704549,-0.396487585406988,-0.252223297973188,-0.133423518843567,-0.143701316777661,-0.362204998679124,2.34268155123761,1.12099496092571,0.0986412524131076,0.495590090749459,0.22966751010624,0.0292464430673675,0.0509531735181773,0.0136291434965248,-0.00183678416499058,0.440491816273446,-0.104180259038168,0.235558878572788,-0.0114054415774403,-0.204081136545887,0.187424258986569,-0.000450586660456487,-0.428264578542024,-0.102029388317882,-2.91744599246333e-05,0.661003264427148,-20279.102410253
-1.06162827630584,3.25763930324018,-0.195321579038949,-1.3291386431184,0.548737925268852,0.255481542322949,0.773371384271918,-0.527035854911312,-0.294197685543223,-0.214484568803128,-0.607257917197743,-0.357583404713652,-0.184940116564899,-0.15899782585938,-0.202477944367873,0.725004994614592,0.563604660394311,-0.545194073669763,0.335294070198046,-0.164005939022868,-0.452820998005344,0.111240398152576,0.130775242783877,0.417831020211157,0.13578892709917,0.662325791127265,0.408901709781514,0.528636986587317,-0.203249493789579,-0.301343770570397,-0.545956419013088,-0.680186281272134,-1.18821176094916,0.0474027178213962,0.238436405563513,-0.395819749287281,-0.283664360356994,-0.146127652182646,-0.157172280264297,-0.38404441611191,2.42484446769368,1.21414031567467,0.129099645963691,0.580168480331099,0.31661120021329,0.031667033799358,0.0595480673136097,0.0144175863714483,-0.00201333671620167,0.39288247244761,-0.110760000741416,0.248357167117756,-0.0119133451868363,-0.220086584208943,0.195484488606163,-0.000597773348739807,-0.449175552403963,-0.094152514742322,-8.81491441334968e-06,0.62381531379596,-20172.8890529572
-1.15216985894506,3.9979617478099,-0.220776864328917,-1.32115972298837,0.391588462236009,0.451117109545141,1.31050592838624,-0.400832281714042,-0.618680440367699,-0.341792917059529,-0.837195970620993,-0.215845048649497,-0.385633925915014,-0.262931458697644,-0.124794316972669,0.652869173599386,0.267596827261881,-0.697543203888347,0.867306928189917,-0.252142033660838,-0.37993865313186,-0.0338683771170045,0.271983787143547,0.233240688708942,0.223385685962175,0.402763450039262,0.465901903616154,0.496735162303983,-0.28301340396069,-0.370956668931115,-0.781805271630361,-0.823403640585817,-1.24313325382914,0.0866074115929186,-0.00677184791415592,-0.281905175359126,-0.510818139463361,-0.218315334133107,-0.235036085782812,-0.354018584558654,2.52397902553191,1.71183799195537,0.33730876127865,1.12450688085735,0.427354718096637,0.031707548794011,0.114662736488741,0.018809478094818,-0.00310567244458049,0.0858952512514294,-0.147418455572879,0.318849475597157,-0.014433134174403,-0.310089795177457,0.236545386905627,-0.000462729012927188,-0.455219918206487,-0.0471583760744401,-6.62673064788773e-05,0.662141017022965,-20025.9946986369
-1.09920295996492,4.28196482076049,-0.224019113091271,-1.38442432002492,0.231994960455001,0.578314513899189,1.55907556075719,-0.454653890678351,-0.625910305588195,-0.418609822100767,-0.949068555390903,-0.228538695440534,-0.423386492797791,-0.295039182725069,-0.114565711185236,0.659725593680231,0.239969515406249,-0.75393002755099,0.946695404661071,-0.262960777145948,-0.366695818903787,-0.122255152302978,0.272866970461706,0.126074560872279,0.270474361760722,0.212147132541748,0.39092069578031,0.378775308601091,-0.32038717727407,-0.388817191406647,-0.760990089966263,-0.845917670237791,-1.25902975452133,0.0693240160833602,-0.0079787049145119,-0.201240269608952,-0.537313575796171,-0.260399713883085,-0.299755718728275,-0.356200134566588,2.64156003337069,1.66402079364308,0.495849091037872,1.45539941226967,0.215933345922074,0.019011988334381,0.152299841867045,0.0207258195767113,-0.00382476690455891,-0.0998992196175026,-0.168905344448896,0.352325913800374,-0.0154030744948591,-0.36141402854915,0.25078104231925,-0.000495357486535481,-0.473853726877805,-0.040177524778454,-7.2672419329955e-05,0.662554722065738,-19917.3868978175
-1.06578306528627,4.49624864149596,-0.220305223917105,-1.49950486202229,0.265334435261292,0.701524775960945,1.63024340164813,-0.44472919164105,-0.643070168300577,-0.486135683783565,-1.01669408390202,-0.246406853642655,-0.467167653076866,-0.344933028939965,-0.203750183369601,0.685212204766746,0.29568475134733,-0.783551943426796,0.872175247270896,-0.225440922947591,-0.385701753624068,-0.222104629759381,0.222826895309784,0.0631441517375338,0.309915574186445,0.115679021886295,0.290870933634404,0.222815326111844,-0.35129646062041,-0.387317272107121,-0.765017423284949,-0.820535288825603,-1.18259704147988,0.092428015741751,0.0112475851608188,-0.170754380970036,-0.508028967110931,-0.298275397834849,-0.361427818300465,-0.444373428866467,2.53997471363487,1.73310334104441,0.66692978836067,1.69189266495237,0.176398462765762,-0.0218932618786044,0.19422076779982,0.0231273014423106,-0.00465045190198459,-0.210343230745895,-0.193343731671676,0.387418155372057,-0.0163365632600144,-0.411071911333062,0.261844922564977,-0.000562545602364581,-0.486971825574341,-0.0421563835403243,-5.56368869915126e-05,0.665724353191006,-19858.7456192242
-1.04258735341755,4.63177408089359,-0.21440074069333,-1.57365324935809,0.327711514361289,0.817038170674038,1.59432847143387,-0.446184172262043,-0.69706977135531,-0.539302390526035,-1.04324311690763,-0.276748568031314,-0.517357092657166,-0.375008024191849,-0.141090492033065,0.629437871791618,0.280654805534217,-0.789799469822203,0.808398394609016,-0.220760442495937,-0.38159178478964,-0.294350757592264,0.183444949051828,0.0341860415717959,0.341233704685168,0.0925710266811863,0.244614497742096,0.082817900531513,-0.379987564485336,-0.385261571721937,-0.754184364139021,-0.775263283955569,-1.11817336705437,0.080307724330959,-0.00175923374066131,-0.219708710887211,-0.469868651760938,-0.330639607703633,-0.402837287728814,-0.353470304948179,2.55118583254389,1.70180063840264,0.837679705378388,1.83478847962863,0.231104834133857,-0.0731442546983886,0.239013559173834,0.0256071940544109,-0.00556965230216001,-0.256553748866805,-0.221509888299576,0.419903469646492,-0.0173628864004064,-0.461145059832334,0.267253488763684,-0.000541889513350721,-0.501021986449539,-0.056062756988313,-4.20888787364064e-05,0.670269110410372,-19824.634054609
-1.02140149646956,4.71496490681631,-0.205056794618369,-1.566749290658,0.389320340932107,0.931741278413977,1.50834680964468,-0.471777734413363,-0.698247032571975,-0.5830277177004,-1.04520842055311,-0.299961199895365,-0.531777715673743,-0.380110491731673,-0.200230426768555,0.60973740932108,0.208421652408709,-0.784450649743725,0.80410038018978,-0.293944718907594,-0.340267918095699,-0.328863567351708,0.185288318410022,-0.0420602546314576,0.369796522079593,0.0929926234152641,0.252879648003134,0.0311702016296709,-0.41133003812347,-0.3905407034155,-0.752340976088424,-0.720547358092719,-1.08081094384512,0.0830354612410431,-0.0419969881883114,-0.26506174858152,-0.431084994615363,-0.361027028000014,-0.427612079434081,-0.367668616632153,2.59452636051413,1.66604540301558,1.01121396768845,1.91243933577871,0.242069764862703,-0.136734839342239,0.290279399864015,0.0282751427860905,-0.0066267374941353,-0.263896773210716,-0.254046221958877,0.453650617909288,-0.0185555323942753,-0.514604488283494,0.268843136307191,-0.000542417086453589,-0.498608014074804,-0.0691896722780583,-5.4618268848062e-05,0.673030829233691,-19797.0430416506
-0.989801044720303,4.90466646868091,-0.141670691700109,-1.39440245984721,0.323262480110602,1.42763840934664,1.16037341278298,-0.479830479582722,-0.724640042303144,-0.712892680525996,-0.989497688007504,-0.248922146776553,-0.601814535574696,-0.415910176406887,-0.290742633571352,0.687200096309711,0.320698961193119,-0.739866282454939,0.755297487501562,-0.53672111946691,-0.16034392884998,-0.425584820256103,0.242057185514423,0.0660469422143858,0.471505884385618,-0.0141499408812509,0.319626379832588,0.158095969598472,-0.558394815227458,-0.439501728141602,-0.735603193410331,-0.525238401134035,-1.21607976094204,0.0766555638779038,0.0495988747142834,-0.192606764738559,-0.42906670776802,-0.48742639780108,-0.473802367005632,-0.200626632668377,2.56312087115776,1.72343419166889,1.76019685401781,2.09343999579618,0.223174307744649,-0.407501419396946,0.553474611400075,0.0382439808004218,-0.0120104037811435,-0.173099416363081,-0.413155157217939,0.607191354731121,-0.0245512326467067,-0.768584795059597,0.256449485385273,-0.000648142747273812,-0.52889757212911,-0.126568416493651,-8.8430265435295e-05,0.663720925667543,-19770.4086969613
-1.03384350102782,4.93759338826108,-0.050325765753262,-1.28000442458252,0.0395869788624905,1.86354414618075,0.886515411698609,-0.513473159500323,-0.77433085948132,-0.748877848221613,-0.918411899973383,-0.339640970219427,-0.517641427555331,-0.447761998164736,-0.464313352266184,0.62232344291418,0.24823202444071,-0.6163549725811,0.656740549982343,-0.236009320978152,-0.322003597948871,-0.419651542904699,0.374942296645253,0.12424586391929,0.577100431266218,0.0482838203615162,0.15632085947001,0.359329034451432,-0.715156127764303,-0.463584987707472,-0.768270162520659,-0.423506078158835,-1.22522786031379,0.0804553368060591,-0.0166085846589475,-0.120101274637636,-0.518544536997068,-0.610824169740138,-0.481406742428884,-0.0916634366300622,2.71620136315953,1.9153392206088,2.45942615655096,2.1402778670787,0.202395192388316,-0.653485410255097,0.90918366608721,0.0481347100788034,-0.0193769574146751,-0.176660586151804,-0.606604563252816,0.793407764389568,-0.0345364995452158,-1.07720850817536,0.217448119442033,-0.000531852642688216,-0.515886337976048,-0.173005081920552,-6.94077486237437e-05,0.687825934995317,-19768.1403262406
-1.05306137044452,4.88053094260909,0.0459887353322584,-1.11836253680555,-0.0806916415869721,1.98085388846636,0.827884351053797,-0.511366739537775,-0.736333364816881,-0.632723725939624,-0.869997020141999,-0.305939351285233,-0.51776086503545,-0.503684677643896,-0.555238756843364,0.618009187056453,0.263660864090817,-0.405104544152769,0.560368055062802,-0.158646405942022,-0.519981141909053,-0.119599224096729,0.421775044115097,0.133096552089595,0.64833673072239,0.203475843897265,0.35738981130311,0.143440287683326,-0.833772766243003,-0.459268466342185,-0.647127742083099,-0.406608820996056,-1.25047996644514,0.0648034288454667,-0.0128153063103388,-0.120694488662426,-0.532349212326321,-0.693946255791178,-0.472614412284145,0.0121057955440429,2.84854073567822,2.23401198276747,2.83981575674902,2.24828845242296,0.10476541539562,-0.798177197775715,1.32033333539215,0.0562817832274648,-0.028075071299009,-0.27680162598227,-0.804115282160819,0.996255729484595,-0.0507286674472196,-1.38495926956579,0.156887602076789,-0.000553514054794548,-0.531526163878785,-0.203248942148806,-9.53733580720933e-05,0.694041822174949,-19742.435010271
-1.17675310330128,4.70142745969191,0.209020420714847,-0.821422736563977,0.0185438139298111,1.81384537919863,0.905221876689888,-0.484735945269074,-0.57645708478141,-0.291617581031552,-0.823827169810864,-0.228863686430737,-0.53826546428475,-0.570088163064023,-0.688443287533316,0.675221603957941,0.243769524682715,-0.0228951745858342,0.468676828227462,-0.151772091074667,-0.548939786401442,-0.0508525816860017,0.205136746032993,0.365992739363163,0.70119001550201,0.205494073541322,0.212016105926823,0.114185740787982,-0.983103478933388,-0.451404989731171,-0.589937014539419,-0.38487057451602,-1.33912608343207,0.0604388966380938,-0.0902433682225993,-0.249954623999727,-0.413419724102228,-0.790477042317696,-0.462202070927126,0.0926374174783237,3.16887550600873,2.55681919807603,3.1250002142088,2.57220207766538,0.116549434565569,-0.939166970152704,2.06245758603021,0.0697199374923377,-0.0439278721534241,-0.433074058938691,-1.12984050962979,1.36008167909865,-0.0851204964873132,-1.88661588384255,0.0312053093179832,-0.00040547373312316,-0.521305581579749,-0.244466265327168,-0.000120556223843031,0.713337877045468,-19637.8591929996
-1.29500462981438,4.58272668123914,0.476348595823035,-0.750199390145762,0.30214863462277,1.41969916144809,0.991113006673221,-0.19004720352436,-0.663397706440161,0.282778672043317,-0.751605531230369,-0.296025902457033,-0.259736252714438,-0.428333039198645,-0.648829305241645,0.775907254570582,0.39965060757711,0.307123745755044,0.302621894844498,-0.29410714803933,-0.653437361122515,0.000451568505374582,-0.0526221098308642,-0.101829182501538,0.732518358439413,0.289550898453027,0.12065641430664,0.468104898168837,-1.17515209022215,-0.48076902915398,-0.531332236013031,-0.499814391781971,-1.32608186681694,0.00962630003257912,-0.119612179926233,-0.0961104464361885,-0.344870157302555,-0.924615740731891,-0.436592234095093,0.327569118772115,3.35562346153815,2.76939351534818,3.35198703956797,3.06724497246593,0.0366517884061093,-0.969805613952609,3.23663576063968,0.0898255288114322,-0.069199602511321,-0.316626726425651,-1.58702614105336,1.97716479959779,-0.140690841293058,-2.64121562257872,-0.188403845408729,-0.000277615711274543,-0.550478582471855,-0.269861549081941,-0.000106027742071717,0.729634544290904,-19610.237754366
-1.28111475752192,4.67884738969615,0.764759600101966,-1.01142749740032,0.436388370902861,1.03482775314449,0.944473836922024,-0.322448102047155,-0.397828156671653,0.802069956966928,-0.669078785312835,-0.247517070206008,-0.016071328083893,-0.188356903772409,-0.539336889833504,0.644922742148089,0.399177959144653,0.249108821111259,0.435430902647949,-0.207392220978262,-0.692357701248683,-0.476030924651797,-0.259016528981215,-0.084303315486917,0.601418782077089,0.352788675230198,0.555592748957817,0.520973500955339,-1.29256499299029,-0.523817885622359,-0.56944121220121,-0.658509351001955,-1.15195629039947,-0.0344527666487878,-0.299479463291669,0.191501158332365,-0.384186204296489,-1.04566265238776,-0.364796855261582,0.341961080755738,3.27419023116328,2.80850174461417,3.41500813629874,3.27868887793865,-0.0969640780860791,-0.74496028147979,4.44896915312198,0.10873281699707,-0.0959033389010568,0.0523035174553333,-1.96862294607987,2.68213352544457,-0.197911969296522,-3.38109164991841,-0.445480630377004,-0.000188926837378388,-0.589055382773649,-0.262559776111053,-4.12263469219035e-05,0.748622613685012,-19527.1175908393
-1.27609630981875,4.93540235224022,1.0742470622599,-1.40046286678435,0.304286296324914,0.778340941750254,0.811511569321065,-0.472498132017393,-0.0630975976068987,1.05812146097194,-0.557887924739311,-0.246719526479904,0.0186713861402733,-0.0216022694372421,-0.274980165386056,0.616818689783478,0.361819522080777,-0.239612452903305,0.714877409214429,-0.371137211458052,-0.792942549925444,-0.363106662502869,-0.0749805480135411,-0.188891385951531,0.314229925508341,0.0744842441641125,0.41679581271849,0.45785721391052,-1.24930778483247,-0.545813976059602,-0.477440201890803,-0.597621433106788,-1.16112276214398,-0.0530354619231525,-0.190500698317461,0.0869066944510157,-0.363600775750396,-1.11960258227228,-0.238331370513762,0.103216591584581,3.03585448391841,2.6986505422032,3.30281328009532,3.09259765688722,0.188762439424398,-0.223245946297832,5.59890276966652,0.126556829116861,-0.122769011148924,0.199568401957849,-2.1751187721129,3.455145297892,-0.251010972779279,-4.01338136052378,-0.743230795371013,-5.95277596131467e-05,-0.662193281600675,-0.268481880705503,4.51561381530158e-05,0.757845060931345,-19360.0154542108
-1.22052917284459,5.3929168074309,1.50833394130673,-1.50687592903063,0.247565946729315,0.628048938074486,0.670215012898925,-0.147443633944701,-0.497159973569268,1.01578018430718,-0.338063733827293,-0.533558352889577,0.0773661983844604,0.0426939612769263,0.0362780405928662,0.712669059711669,0.56676099362252,-0.956873924954692,0.917472681902873,-0.566970989380612,-0.410095881268294,-0.496136989840561,0.302467028242116,0.0448687003671129,-0.0406056105441567,0.321469212934464,0.195709870003851,0.138283440061341,-1.01768781633546,-0.526298534662759,-0.400850715316049,-0.422328796054673,-1.13435456933472,-0.116048248613184,-0.295833348489993,-0.0523800035134825,-0.417576169335182,-1.11907022697492,-0.0809939093371846,-0.463742396488904,2.91830621662407,2.39301900435619,2.90947027320895,2.47457960478456,-0.0273190505209538,0.621887116055922,6.87801476191148,0.153409375141587,-0.156043295955465,-0.0770309871464703,-2.16317464986653,4.50309506952274,-0.306323029913291,-4.59751512353153,-1.15480510250762,6.18689769888495e-05,-0.750230469752911,-0.299923185417655,5.77368071562306e-05,0.765124832033747,-19277.3152100824
-1.15762181295157,5.80323796864904,1.83909489989258,-1.4515386253485,0.365168917438498,0.733740835907305,0.783677525477908,-0.271575225142877,-0.558149152329892,0.582467748916994,-0.341154179939186,-0.258742542884912,-0.374121619170198,-0.187521079055699,0.212967353486899,0.620573582784597,0.500665070865466,-1.0327946355563,0.501692892186224,-0.482475258587348,-0.0999663202636707,-0.438696690874016,0.465838845750904,-0.0330264991128426,-0.0481905547672306,0.567092488516551,0.246139982675392,0.426063703981411,-0.778758489043051,-0.486066811176492,-0.382600035115616,-0.487740216040766,-1.07473028058384,-0.146576125638083,-0.287168104667686,-0.0510162701606229,-0.568030623418665,-0.980832552265212,-0.0836331754861929,-0.752939332440032,2.77127822923177,2.04372271082629,2.46691768855356,2.10527693224961,-0.0987894656589868,1.08106626525853,7.34105237237224,0.177111217469739,-0.173310965041127,-0.261052046448829,-1.8195373381557,5.17238404141678,-0.317936878323468,-4.62518812727597,-1.40767412846771,8.45318589780268e-05,-0.79783258814541,-0.334200870146858,0.000103176334979588,0.771080303769493,-19134.0136522782
-1.13926091720871,6.45408642923428,2.32740825730925,-1.24507023599039,0.419227514023195,1.06527701405501,1.14575068358029,-0.245750088366534,-0.869323745186814,-0.182884174346839,-0.472204654701657,-0.378182707443369,-0.171770337604323,-0.302268325413179,0.0893404360238787,0.466342881887942,0.299528114731852,-0.781712745399984,0.0287598835899324,-0.329584357709787,0.217613623767942,-0.0302935282464046,0.399086935676453,0.242702668953378,0.123224886559826,0.234282227994946,0.627471367694302,0.59841952110227,-0.41533488789264,-0.350768719923568,-0.318705590860487,-0.743223753916274,-1.02150256498602,-0.194573691230327,-0.312529525199048,-0.100216456189814,-0.592707745107965,-0.692652458225188,-0.185504349146413,-1.03965222533047,2.51008727138891,1.41699776568602,1.77093298317911,1.73987439886574,0.165717346976077,1.43584496064338,7.58461929870942,0.215598817881108,-0.191922773598426,-0.0806360113591854,-1.06600711704376,6.04916566549753,-0.308776818097135,-4.32908766203028,-1.71599729270331,0.000155232796325555,-0.879290148870855,-0.400829866862646,0.000130658381190238,0.774807549291498,-19019.5566315066
-1.08995290199557,6.85029033028752,2.68009101809281,-0.957719887068881,0.552403443035034,1.38177919932343,1.32397457594859,-0.48672148188585,-0.767416451627825,-0.687847305124126,-0.600362881668369,-0.589958958337216,-0.156972649281487,-0.188128387516101,-0.0707148512306283,0.550089130564931,0.457333482602941,-0.521095722548607,0.304279690009322,-0.171496612076082,0.331449459083256,0.0234256688131117,0.318593902141034,0.107633100099398,0.344432987684614,0.334175991531417,0.460704392121902,0.403889969588177,-0.150650105134383,-0.166199232348635,-0.358083114940844,-0.807821318690028,-1.16233515084453,-0.180114499518545,-0.403128334958185,0.00651595262286606,-0.48387008712172,-0.450084814564614,-0.292242704593471,-0.758910841533531,2.28874238255631,1.2935965246358,1.19584799346446,1.45160309681442,0.243011156856585,1.39801744995212,7.41565461465856,0.249465951572287,-0.200619225954138,0.205403904121905,-0.31843094506871,6.6128792543536,-0.283089015053537,-3.83944439621869,-1.90204895216311,0.000130850677077394,-0.942426093707666,-0.488637704290076,8.31545879961589e-05,0.78134727800646,-18901.7740893966
-0.939080821428065,6.95537798426425,2.94864297098444,-1.11381400569803,0.763193307246745,1.63121919060916,1.20778781086222,-0.405267048337301,-0.818378306497617,-0.921579434184429,-0.705420607023842,-0.541351832192069,-0.160534244377838,-0.131959205156441,-0.339040903919481,0.390229867465256,0.34571165446639,-0.424465598995597,0.561332792981407,-0.300642349609161,-0.0121481740960405,-0.203863422441395,0.143112696587248,0.076441086684952,0.472287386501795,0.18528537311332,0.421039334574644,0.384644239390954,-0.0253643065028024,-0.0323407230189255,-0.321184697836641,-0.814595972378727,-1.36612490659808,-0.235316029111743,-0.159045807533437,0.0150895000940036,-0.446605380647262,-0.270099370541843,-0.377327123771098,-0.490574692961763,2.33634309465794,1.42704694419068,0.752449134555402,1.16288419545513,0.057970839705415,1.17076569052034,7.02249572874263,0.282887864588634,-0.204282201644787,0.10996341239007,0.40181932509148,7.00200626858428,-0.248605292648922,-3.26394423470659,-2.03556328269342,0.000108637681866513,-0.94627457563294,-0.566575479151347,0.000191598008495075,0.779702113885487,-18876.9001109121
-1.13205338337453,7.00775966497292,3.17527724387932,-1.179463944192,0.678501470764354,1.86132205820071,1.11830166443383,-0.273946224613547,-0.660953845055809,-0.971974969821419,-0.813122270391446,-0.376624157181666,-0.0649954666814108,-0.247925433586682,-0.522973493460136,0.562389021918073,0.513000221690518,-0.574773330786038,0.648987254022359,-0.65627763033667,-0.547796262719036,-0.516130149870029,0.106507606103869,0.0799727358168485,0.504888433008879,0.114318863306119,0.503870284512627,0.482910214068779,0.00556443009619953,0.0460502394973211,-0.230387406752782,-0.847687664780514,-1.08664493889468,-0.252625506200875,-0.36212654531133,-0.109369634593917,-0.363605518115854,-0.142783041244522,-0.430450153831951,-0.194079866594378,2.44555160793357,1.44553258570794,0.428281294389987,1.05774365745059,0.0439180733608898,0.856387285459706,6.43760779807845,0.318784295503718,-0.20515189528725,-0.100550708515369,1.14596370306262,7.32395402344956,-0.204951244619118,-2.59465666789171,-2.15043660058465,0.000223623204051758,-0.969712903463368,-0.625546980126673,0.000159365677117571,0.822771873925153,-18852.4695471543
-1.24243661055109,6.96074461437307,3.23209604658172,-1.16577631725058,0.508598633208158,1.85769651506682,1.18081598479178,-0.279349440752998,-0.66748931458805,-0.811328735459962,-0.802081601863933,-0.342705265723766,0.0172270403251585,-0.291890623711926,-0.614610014823666,0.575515192266644,0.457327617319764,-0.76569084538632,0.549125567906286,-0.746710674062212,-0.678554905985428,-0.699676941856368,0.148893519677129,0.0503420324968577,0.424958742544724,0.311772457236931,0.574509099991997,0.450798089289109,-0.0261438404676584,-0.00731941994444285,-0.245457184735452,-0.659492297098932,-1.22044420289951,-0.250498957321019,-0.278990174228515,-0.181985650103484,-0.389628261693133,-0.114431531355253,-0.430857133971577,-0.18109416749764,2.44046158264829,1.41388523656527,0.360822604966605,1.29328716155699,0.178374664488955,0.644270844020501,5.9749451611169,0.340327825275764,-0.203632242672505,-0.107832399395711,1.46301924195392,7.43920173809311,-0.177339641043439,-2.1895793579053,-2.20283857883368,0.00036648986808836,-0.945880571699395,-0.675528464159364,0.000211619664313404,0.832025220997937,-18836.6782206762
-1.17923556824958,6.97473872907277,3.22950444406615,-1.09402136906204,0.524641025378936,1.75249447053693,1.1625809174275,-0.368989828484454,-0.754139676027078,-0.528216440599106,-0.700202445891409,-0.389106696511909,-0.0966679752436787,-0.315603152545675,-0.614621148940784,0.535243496415367,0.443850631404877,-1.04069099579244,0.448661402638385,-0.756359857540772,-0.727250498683973,-0.606846105698185,0.172087092291033,0.11370439856687,0.296652800476774,0.286841942271477,0.536897127807853,0.451542382916186,-0.112534653994013,-0.100764967446815,-0.195182866742582,-0.507113824667544,-1.16906923454903,-0.255361329410219,-0.3587635404661,-0.146979359296145,-0.499490939885085,-0.124337923738894,-0.393632731212194,-0.240605633701311,2.5277459376157,1.49526023269209,0.394139008549738,1.54191882789797,0.144267014438406,0.415499185051879,5.36566080910171,0.365591425088976,-0.200548357376335,0.061148687502663,1.66870140088994,7.52068792287684,-0.144667581329532,-1.75312295187669,-2.24601061030432,0.000341505754015194,-0.948334155580377,-0.701882658059605,0.00019064542989587,0.836248844808186,-18796.5538467657
-1.18045223740698,7.01467834156195,3.18073976238273,-1.08085871002147,0.505810497068193,1.66120423512604,1.07727601515627,-0.267436349904591,-0.639041466972811,-0.301340428107784,-0.626452291484536,-0.454038232441806,-0.14135058312372,-0.359592750691095,-0.525429476494333,0.514085319874218,0.394629158632222,-1.22691292393633,0.431970471315062,-0.666909686842684,-0.576812718068328,-0.505796551364237,0.0802675333872024,0.107538815198042,0.242197311136044,0.318902431423919,0.524964382582593,0.443761606229236,-0.250656302975283,-0.182228890667319,-0.205422280583174,-0.705294029363787,-1.1927214077628,-0.261056788490932,-0.344478091536727,-0.104826518687919,-0.404301238845416,-0.183698536737839,-0.356884742467196,-0.311639912095427,2.57318469758179,1.55232431121062,0.588978443319531,1.63628456540897,0.137088850617729,0.327875409713035,4.73155094893319,0.389162052986819,-0.196795622922551,0.0421318462716157,1.68019253009598,7.54549482625172,-0.110807092709541,-1.40524159115837,-2.28328783827587,0.000347171968301124,-0.949342789941284,-0.655026588430015,0.000196001237333687,0.831409813444003,-18756.1742037025
-1.25118892602777,7.12272481600577,3.05478715397862,-1.09858727188559,0.564537624882882,1.49734962558554,1.04435695509642,-0.326480523957453,-0.656767987688269,-0.12781626841677,-0.579914222860225,-0.253203253473,-0.0263894489567052,-0.174356989909455,-0.457562173516848,0.559981404327023,0.407808345437241,-1.21265376477221,0.416923823953669,-0.531087231762911,-0.444696343324436,-0.43958051350466,0.101351203625465,0.0789477698163865,0.189206202701981,0.276316032510132,0.512899876183604,0.41616164387425,-0.408087546638356,-0.222081299163191,-0.219907204074973,-0.717008476800857,-1.18606887742047,-0.257026460806105,-0.33811141504455,-0.114254150686277,-0.323774437754638,-0.245586767624687,-0.312737505377269,-0.33784253470856,2.61220435155997,1.58505193969984,0.852980751042579,1.6253203052485,0.124357196260042,0.359196003340696,3.96041473851034,0.417764002912333,-0.192267078070285,-0.084269896001281,1.45100085989675,7.53280639421567,-0.0720182040301929,-1.08801349389094,-2.32547873217382,0.000370525499099645,-0.966187817235128,-0.633457881057247,0.000194774884917571,0.830723415286384,-18714.5807341255
-1.20453083573597,7.24437310100235,2.8440917310936,-1.17003980287958,0.619694357301732,1.28456724610674,1.12959714006531,-0.260459032091674,-0.482972826761936,-0.0703685424213359,-0.654839475887716,-0.298092454392511,0.0970410758376797,-0.26705179697185,-0.343897034376409,0.54896900748022,0.408782157316638,-1.01432036128828,0.429850226707075,-0.539140536912195,-0.386688970635094,-0.445132159761371,0.184311619959089,0.0831230095259082,0.137210635944858,0.290256335092357,0.494126061557224,0.434701945331694,-0.585015718379076,-0.19638611073268,-0.22950770307732,-0.562346558489124,-1.14305634735458,-0.25567453838588,-0.33268256342747,-0.177075156817116,-0.438078983083475,-0.306909152380398,-0.263633497717242,-0.360150756209218,2.62186975846897,1.65844282050497,1.12859882413167,1.5757467461758,0.089721636204954,0.44555758933503,3.00129001601679,0.456323711872911,-0.186809207886725,-0.102737213540605,0.926147954651184,7.48108514543563,-0.0239501931226408,-0.803109028347856,-2.37945208437367,0.000330485718912439,-0.990659985388229,-0.622364874970519,0.000191164859102899,0.825190325358901,-18668.1053388621
-1.20371380810693,7.17969902524068,2.63948971078355,-1.27470111737439,0.522580503486976,1.18543078426305,1.25327116429187,-0.290233611406885,-0.535657659764443,-0.138863938073845,-0.703399578422829,-0.431219442719766,-0.13088480719263,-0.097261316989718,-0.378552003698733,0.572801342655253,0.420302463661435,-0.869057687554487,0.429874625521741,-0.691175479646336,-0.458929171316925,-0.505323562566972,0.195653663367298,0.135559719484969,0.148421734271402,0.367396023474722,0.462004988608191,0.426830461088356,-0.744951126540361,-0.101803351205431,-0.214822471143714,-0.691923028219253,-1.10104033135267,-0.250254459498776,-0.326098352063296,-0.26787672819806,-0.527101691370031,-0.386604527953,-0.281294589880745,-0.419643034925396,2.62252326277082,1.66118766531372,1.30631478304094,1.59574315707392,0.132442578206276,0.512229468359751,2.14673352875715,0.496793926639342,-0.18198313021779,-0.0414373197461874,0.293101427817335,7.38950587491378,0.0241853653612987,-0.660357968016664,-2.44096382224135,0.000399761206359655,-0.985359677916028,-0.544668204000297,0.000205089500548038,0.823376492257414,-18628.3800475788
-1.25474898200258,7.05028939486365,2.47392317871205,-1.29136506633507,0.555149897719756,1.17943998909371,1.23903269702973,-0.515284016909746,-0.722005403674726,-0.257256681418746,-0.660424916353447,-0.471557891331641,-0.157897610152528,-0.349718421855929,-0.364160264505082,0.630480986545835,0.449795308413626,-0.88529793188017,0.516657073523424,-0.725686714429784,-0.574603725025419,-0.553143594719191,0.217255788072972,0.126922817370964,0.202528104215219,0.354811760350132,0.458853963712839,0.399447083672953,-0.834639972469035,-0.0308678993039434,-0.209272812371232,-0.835974528845831,-1.15815021697151,-0.232294273514606,-0.305898569508963,-0.23643415945306,-0.4648140136588,-0.471570693198547,-0.374139417078192,-0.480432969910979,2.64270263365505,1.64670755252903,1.29063082544497,1.68440522248201,0.172997440707193,0.515083258472327,1.56205311007384,0.534760235819533,-0.178889251715468,-0.00919595188701301,-0.256837023711068,7.28182988212895,0.0628803825681818,-0.671986847198012,-2.4900461239431,0.000506039372392639,-0.962584059861796,-0.453393609285632,0.000213630035117214,0.819561026228588,-18600.4165069098
-1.31152137543741,7.07781615295146,2.35738764539837,-1.25895189684924,0.558462237492992,1.23192570949194,1.17117214547755,-0.438609608997676,-0.702281474556556,-0.363135279767681,-0.651017897849504,-0.429830141980182,-0.220520481701879,-0.367675930056057,-0.418731105147296,0.637028660595284,0.430174005209892,-1.00524738321563,0.546432362970648,-0.642751545998859,-0.635286692885946,-0.488734291617179,0.165492836779825,0.147396602983532,0.259098434052133,0.369136353166636,0.478052032184795,0.403091746420098,-0.830804957931288,-0.0360847456716387,-0.214706995047497,-0.740826675882659,-1.18155411740961,-0.235272058580183,-0.318717506692607,-0.138094548146861,-0.37961011062993,-0.533366191926989,-0.463099807179618,-0.452879268235328,2.69768629417055,1.60927004887224,1.11799315221248,1.79713153825376,0.188050277986536,0.464747583425439,1.29341416611774,0.565769040719702,-0.177947343078486,-0.00498876814953372,-0.600909836706018,7.18495871514659,0.0873726883207986,-0.796352786495424,-2.51011600668816,0.000544880844469606,-0.962497559100955,-0.412622087568766,0.000217692404383765,0.815369023438404,-18570.2204937343
-1.26680968764877,7.18049739316421,2.24432043875351,-1.20561606892251,0.471548085840742,1.36216961272731,1.0840877122834,-0.516623085405221,-0.650298285405756,-0.433233150724685,-0.611872214386392,-0.420278527781805,-0.123827002053685,-0.341230993708402,-0.483045685527785,0.621737027880797,0.385454853897259,-1.19352336889465,0.413473894913589,-0.642182915965632,-0.522769647441842,-0.443594376140218,0.0208881076388447,0.118952132939898,0.351894954676254,0.377558284679432,0.444938161323416,0.400655134703865,-0.778348838486851,-0.10896803936449,-0.230430178017882,-0.732264946876992,-1.14855906086973,-0.226422993257136,-0.308750029190064,-0.19921364412483,-0.433513258090059,-0.604695216657079,-0.485793523259479,-0.322518056236062,2.73744956991519,1.77048542208213,0.823979739461488,1.87300162019764,0.180011919124129,0.343566729284678,1.06893855966618,0.612563922508571,-0.17822000246232,-0.0720318738031059,-0.94081887591819,7.03059529957095,0.121958510991043,-1.03101620595877,-2.52621401923202,0.000531325104147785,-0.970715712147178,-0.344649988479783,0.000212896214396155,0.803620753752565,-18536.0228846438
-1.2313766603131,7.28049520284639,2.23202131342883,-1.15371530920268,0.548348321984778,1.45445660960941,1.07948941343698,-0.496627815896008,-0.600021359112328,-0.364971054793371,-0.624519441352216,-0.419919133848792,-0.120701389077052,-0.313083998869382,-0.49430784337914,0.628290869963319,0.371559353734897,-1.20637754867314,0.364936668045344,-0.575499291017147,-0.525268963638881,-0.451291729390512,0.184383384331635,0.137140330401412,0.399415177522349,0.348188497702137,0.422399551625957,0.382159122674477,-0.700250353283232,-0.226984468465393,-0.265766892607049,-0.841837955612117,-1.18719510400325,-0.218686911331547,-0.293178595016668,-0.335921568935173,-0.460023573207379,-0.630712564049291,-0.427220982434956,-0.275013043021534,2.69829102882481,1.75521584457583,0.72235329956339,1.93569206679699,0.124844084462432,0.197151264199888,1.04785407055821,0.651937059645977,-0.180584380216377,-0.0876731554431885,-1.01219778526173,6.89792862288669,0.149745961379242,-1.22032833605855,-2.53076313477578,0.000509442456084304,-0.97316245292328,-0.308798061251669,0.000207864032196708,0.791952851545855,-18507.5790823019
-1.08897002896517,8.09264888334714,2.47472861455493,-1.40643936144586,0.562009281443986,2.03304748872614,1.54550863206764,-0.587033601108364,-0.720270101774687,0.521511875530479,-0.591164719947957,-0.134067666871425,-0.238812467794152,-0.522140220295841,-0.345514638696622,0.614766857685709,0.296962971381092,-0.614923013239519,0.581253544306939,-0.637231218370095,-0.495453418902668,-0.178238499842184,-0.00953692483279703,0.285002023933714,0.526491532736409,0.643179139481171,0.0564694083714056,0.243120806915792,-0.0584926282844752,-0.68141096858106,-0.310867989922848,-0.982424513947738,-1.09675295155132,-0.182567852381218,-0.219594181995358,-0.163163274052047,-0.482976529994909,-0.675636654178628,0.0549777118365277,-0.582346230153167,2.69687871146085,1.42883183911641,0.920561581613657,1.70506621513635,0.248902562298135,-0.621761099859542,1.54440733866456,0.938139351955563,-0.20729401954683,-0.158477337314273,-0.54194005265327,5.8652533247518,0.353115537362161,-2.45849406062906,-2.5605954388647,0.000305590990752661,-1.02587416167663,-0.360746534162013,0.000205263318169848,0.741965106510368,-18481.9245169174
-1.20641252693276,8.26948690777583,2.60480633082416,-1.41026614749299,0.582368901730901,2.12067123563249,1.68108975231161,-0.693825351831693,-0.738914160895708,0.751074055864756,-0.562809321345131,-0.403015373060396,-0.460148523900933,-0.52806888059298,-0.242817386884109,0.707678817122406,0.297717754620672,-0.439567404027589,0.555730319121459,-0.504781691789022,-0.4364421192899,-0.234193608250531,-0.0651436722677602,0.168931848408421,0.53111621926323,0.482080371702293,0.207660289649744,0.265573212687666,0.091454634961217,-0.718169019457886,-0.332454748846986,-0.836290958931172,-1.10114506811185,-0.145707821952022,-0.158836150149217,-0.129698608381249,-0.40284270810151,-0.676206080790508,0.103885853176829,-0.654216102329202,2.79034734623006,1.51480470519452,1.09103449992032,1.58648759394016,0.307837138405885,-0.671307428844988,1.81992588673749,1.0382448333837,-0.218338884297784,-0.293598721525252,-0.211387756890495,5.46721644881274,0.424404862058466,-2.83156235788123,-2.5929445414777,0.000400034409441889,-1.03179716187366,-0.423753864776675,0.000197191509024182,0.745570218344506,-18438.1128553223
-1.09198817468075,8.49377776861555,3.11219498078574,-1.17544303239297,0.650902168826184,1.80044104009274,1.76351174335047,-0.678633600510953,-0.61761778039512,0.410703222125237,-0.716722028219724,-0.24586163593167,-0.366411552277053,-0.456899796559151,-0.0880357829182717,0.68842425380917,0.121607455878891,-0.480436884544486,0.338918852913862,-0.427988341699596,-0.472972056382914,-0.1875434762196,0.0373772315603082,0.225107688434719,0.442136140974587,0.556953903638095,0.0323429748889809,0.256936481173621,-0.146692877778022,0.000393098403487446,-0.446487528563051,-0.864148473926182,-1.17758675625861,-0.10219533123369,-0.120148127839165,-0.313416452983137,-0.165359582539789,-0.656555224888978,-0.574905626826443,-0.652198439108154,3.16859593380264,2.10501059354861,2.03351752962455,1.98416549807508,0.141333592413415,0.379842387724146,2.87524864649455,1.26817756871521,-0.251640506059164,0.177040076915258,1.14225760927053,4.40583624273692,0.589671042949046,-3.33981451870996,-2.76290790037634,0.000236394871480268,-1.10133254662309,-0.523712566794546,0.000137740396985151,0.717796881532101,-18390.7699530721
-1.14739044041986,8.46487239350943,3.20362647566655,-1.20092550480774,0.743079254203361,1.65903207569168,1.65082824744816,-0.700331356706487,-0.568387897370415,0.233848723540108,-0.745546955450578,-0.269210141612245,-0.341007707393125,-0.440960463496818,-0.155899805252985,0.723757203611189,0.147745872463109,-0.487671028907574,0.401855462214488,-0.390134278461919,-0.440553359254532,-0.109820435995724,0.0145932748263607,0.262184814842394,0.441715499933951,0.579970597676572,0.0148721763685465,0.226101645043858,-0.254117123303468,0.00864016690336559,-0.4437737617121,-0.906058193698821,-1.19466727537152,-0.0937805152540094,-0.109580205868688,-0.273911268204537,-0.430376360103697,-0.636597100523595,-0.602984889725535,-0.61081219969381,3.22447451110945,2.08465095126945,2.18552780270496,2.14313424435602,0.195425029408495,0.533327202589709,3.07620863157621,1.30472765945563,-0.257581731826739,0.0923830414460488,1.34010163056865,4.24864114389013,0.609709397288855,-3.33254809874284,-2.78985717334108,0.000278948929810169,-1.10396960781755,-0.536213491858718,0.000135629919078522,0.716844981907665,-18374.408516518
-1.15083826275065,8.46073887868338,3.24406015629382,-1.27328148941977,0.697613409874998,1.54117984589515,1.60448803597507,-0.710866560956044,-0.596892540867138,0.0910454450233513,-0.753688297950307,-0.270679721674714,-0.357755996059103,-0.462159423867142,-0.185265490267548,0.739096595123453,0.160319007088281,-0.462687052779789,0.463035115097467,-0.353224044039745,-0.396159438298892,-0.0731476691337119,0.00465996613793096,0.27299588778501,0.440216732668034,0.600219253597372,0.0254677507665613,0.253552517308172,-0.341022897152405,-0.0974410380447785,-0.436304303387259,-0.887864064471403,-1.16733738832487,-0.0881210340511501,-0.11048834305793,-0.33914916321501,-0.406138613968113,-0.61727922122319,-0.565860822084345,-0.585009153628453,3.21440236483306,2.10270234440776,2.21309361025722,2.21100577750777,0.163549579503938,0.524901186447186,3.18112361407957,1.32076765963701,-0.260571587308921,0.0978719281286003,1.36240678018158,4.20164982753748,0.611694535918685,-3.25344341018046,-2.7933349099745,0.000274924510994434,-1.10601567992935,-0.549959597922875,0.000137800676630792,0.718688061016351,-18365.1368430587
-1.17160751174164,8.47456371046805,3.28431837493822,-1.3085729738033,0.649965042660365,1.41882589056403,1.56741926559799,-0.696815708840643,-0.600996102399325,-0.0459841386620616,-0.757826212597116,-0.260238366295934,-0.369829778053098,-0.476995320863845,-0.216452029196109,0.737262786264022,0.147456224469187,-0.443704017457382,0.426578287012316,-0.366886831554172,-0.34563473909407,-0.096297278859574,0.078503201468837,0.263715180317695,0.423807266163445,0.574401548445045,0.00281115402752092,0.198864393873128,-0.436894292277787,-0.171709984729484,-0.432900421376721,-0.904506400307593,-1.1437520857017,-0.0908184376630985,-0.099090967798747,-0.26270546765577,-0.372958096764571,-0.594883343419722,-0.504290085824164,-0.565645419345556,3.26942105751665,2.13618577162042,2.20599318034584,2.21070768842361,0.186428112522157,0.460549421908173,3.2931968943532,1.33831438506153,-0.263862084814231,0.122546557484343,1.32118154430458,4.17067869225941,0.609568767746364,-3.12383732798078,-2.78964252914704,0.000286348327844863,-1.1036695668595,-0.557326291491318,0.000138822096997584,0.721217383818321,-18357.6905126766
-1.09386285241066,8.66126857809454,3.41608905253333,-1.19662422473504,0.694984934281678,1.26207349019312,1.60898077057551,-0.748493658844919,-0.575320031328906,-0.291404789859043,-0.679909842548278,-0.340599307790349,-0.343764129289504,-0.421845595785011,-0.219051203296825,0.688066296241668,0.119339974306101,-0.614433059143572,0.374751210767715,-0.391805045141827,-0.449939943103357,-0.0888624894480925,0.0725670338149139,0.305490182798132,0.286027357387286,0.606954834668885,0.0372072396507488,0.279412338669951,-0.720660623355941,0.0157454319927417,-0.45215232276365,-0.929680243753169,-1.20750222147088,-0.0900758810386811,-0.125838266085385,-0.185552268896353,-0.265159359697105,-0.533727445460657,-0.264991984970379,-0.518057026777674,3.19625418297547,2.10619944989145,2.1916766920153,2.19736075999575,0.210874730413874,0.193250607357074,3.64938344599651,1.40482986317215,-0.275645825060672,-0.0531979432539357,0.926361696279314,4.11744805204884,0.591772997189193,-2.51549644216963,-2.75376477813763,0.000219926142697422,-1.11565027930759,-0.586124684469633,0.000129823887004498,0.720522476532571,-18345.3392933991
-1.12318488867821,8.69104890988706,3.46826438352728,-1.15463925554438,0.689827021135874,1.28978231720205,1.60924867152176,-0.71078589696301,-0.580582298455737,-0.313333502812521,-0.691095569000215,-0.303050785971053,-0.358642560320571,-0.436069326068567,-0.220065800296896,0.705419023487912,0.129617943427607,-0.675750713214222,0.374297039115539,-0.347727917812312,-0.452753183306907,-0.108501220650426,0.012234755707168,0.257362673834864,0.2489655289257,0.57213063786175,0.0532051005644567,0.254544946209384,-0.792768336972062,0.0678509141166036,-0.456205868764926,-0.935241725584046,-1.23126282477373,-0.0902583090998533,-0.124909563015136,-0.241665258716375,-0.318495715509033,-0.509133765851731,-0.227521515026315,-0.528058448439777,3.20787971383898,2.08556822851014,2.17449294592188,2.17000515428532,0.194615944972289,0.131834142270153,3.76672594639948,1.43191759397198,-0.280228906326405,-0.0195240814173554,0.739317402663276,4.09950981796653,0.585177715358185,-2.25981007215703,-2.7442130680423,0.00022627897014897,-1.11382429280852,-0.602283982136129,0.000128339502439169,0.724536580786683,-18336.2161156212
-1.1325228224974,8.74273149180697,3.71094884251803,-1.06756651574213,0.706778544979719,1.77316431914228,1.4293621382085,-0.719934446298525,-0.589310328141724,-0.011195568322064,-0.992443553970331,-0.359243830339138,-0.370328811088151,-0.40052498521348,-0.242970302669761,0.6984257205226,0.144282235931426,-0.755822689923936,0.390111269619375,-0.357570192547373,-0.419056168786043,-0.0954648899017298,0.0250112178240074,0.279821802759411,0.17950648361138,0.562930395433139,0.104119811631822,0.301297067868273,-0.937574651841451,-0.245590785992012,-0.438319878203009,-0.939457698571225,-1.2015614786431,-0.091941821142682,-0.113743347266196,-0.231928482836434,-0.3694670952878,-0.404122506246551,-0.650617818624879,-0.510585462243403,3.23258340769034,2.11340834236108,1.91347375788173,2.24582778190186,0.21974795776788,0.302789125601038,4.23172781402431,1.5866678974779,-0.305201164707318,-0.114317713796633,-0.308535929148298,3.98892975407688,0.553571621919279,-0.816092392141096,-2.72403412288553,0.000197793606902591,-1.12992055924865,-0.723840607239375,0.00011717703083491,0.749596458352999,-18306.9199702084
-1.16714438930568,8.67568664709875,3.59085078019944,-1.20495340912115,0.767753825894343,1.92921630463846,1.53503149525873,-0.637763713485389,-0.499885615575983,-0.0276075260372725,-0.522330695615648,-0.356081811001181,-0.362132345552024,-0.399615052855766,-0.319072469546228,0.697423895582289,0.14924822159929,-0.808338961482831,0.402347879999451,-0.388433824095811,-0.394510679551085,-0.127302837342522,0.109092743887493,0.302909067062463,0.501389103308923,0.529515294997176,0.143331990441429,0.321715000883478,-0.732230517467682,-0.3352498867099,-0.423291681478913,-0.900414558982221,-1.18348229297076,-0.0992357083784352,-0.147684732818038,-0.241578327917446,-0.380547897508783,-0.556397062382902,-0.579899195100952,-0.432951974097076,3.29764126854438,2.17346709361685,1.8800124262095,2.36886937944237,0.222163850805691,0.496036436443791,4.17304239983354,1.6699036899614,-0.315805972080772,-0.089401738176836,-0.560820274404518,3.95470240241255,0.542092388677507,-0.462308599007693,-2.72360418346437,0.00020504090761435,-1.13597555164757,-0.738583935557882,0.000124532401127453,0.764229442260434,-18291.896790356
-1.2030282568838,8.58035730897568,3.2104065278387,-1.26869346483796,0.746705482164993,1.81186470581206,1.42578846077044,-0.642131019690611,-0.522167456934337,-0.103105114525436,-0.744362470413634,-0.368845943366406,-0.359043171735007,-0.384545937867777,-0.328332379587275,0.700025855641681,0.167238423677227,-0.901269167442398,0.413548189440877,-0.386920633707742,-0.320088114381531,-0.125442570030721,0.172119363275278,0.322885991727692,0.711424955094296,0.51170278800284,0.202597086548867,0.375937582841359,-0.412627684824837,-0.206832614449986,-0.398429712768075,-0.874161442476705,-1.16176878076442,-0.105218204540451,-0.155772107702944,-0.235855075645634,-0.36249759093248,-0.81870186638788,-0.409104444727727,-0.425222963771441,3.33055051880045,2.23025705745519,1.88502168264993,2.46856714853949,0.214838484976575,0.441440562359524,3.89362436260041,1.76744699821264,-0.325649060491732,-0.0886943561018224,-0.57246753894527,3.95758927175132,0.532278298029029,-0.533941670944246,-2.70504484347158,0.000244523687044555,-1.13030243127276,-0.679069139893008,0.000129766302061183,0.777193692048449,-18272.0347942652
-1.2016905775066,8.69748199116028,2.66682763408753,-1.13362598234582,0.664178530761022,1.58806024620535,1.29656540592441,-0.61170678360494,-0.527650830805244,-0.279576398742716,-0.628936062293037,-0.386356718074362,-0.377561073344189,-0.378523055900564,-0.341931034761496,0.700314258509908,0.195091320724725,-0.810881969007889,0.412228296608692,-0.398521192711981,-0.43030851733475,-0.202121159824877,0.0974326647246736,0.262559648787757,0.429930659717989,0.465003241172727,0.235390921723437,0.374566301965044,-0.365368151172989,-0.344415238722179,-0.409340149148943,-0.930779997984602,-1.20032638269288,-0.113234281944148,-0.171218667421216,-0.280181984473453,-0.444539127552709,-0.991941619052693,-0.63570767587886,-0.418784656584642,3.29454386486065,2.20381070213745,1.84402656570537,2.43563838682561,0.209214515772753,0.306251937138593,3.45875776766282,1.88860494500195,-0.336225235368335,-0.108776562931094,-0.441559837946848,3.99432311682276,0.528918512728215,-0.912201413775382,-2.66323728236298,0.00025428126222802,-1.13461679894009,-0.553600633093524,0.000128375748968291,0.782205912791466,-18255.4814587276
-1.2132405430757,8.6145186388959,2.40902094611123,-1.15106415564789,0.769938680689408,1.66832888181385,1.48313031049376,-0.609706936457056,-0.531566731888043,-0.328913477206712,-0.699901701420362,-0.394008301514901,-0.379005814605717,-0.390621875191692,-0.420019141257467,0.697486029929814,0.204362730238745,-0.928217670331918,0.410574177381509,-0.389377833467222,-0.391376961374041,-0.189042718424898,0.0970192914545078,0.263082638919088,0.364447282870452,0.459454009711864,0.247177319008122,0.371817846673879,-0.81975338281461,-0.46083909958523,-0.400765048820419,-0.895726427172648,-1.18754428294841,-0.118062791193196,-0.161826640622918,-0.277992529317796,-0.438669224484455,-0.98394778858163,-0.640542333971942,-0.342119672894714,3.27860177807256,2.16661477537679,1.78497547510247,2.29908741226421,0.215151967184928,0.277416862928943,3.18194357796088,1.96942187596911,-0.342397788462333,-0.0922117938103,-0.307356307468763,4.01807017828773,0.538090356427475,-1.25588128523809,-2.6539137694155,0.000287070555572241,-1.12691654111442,-0.476369664000357,0.000138056190878359,0.783594971061123,-18248.7252606112
-1.21315955615202,8.68706109649848,2.27464173589969,-1.17906233172493,0.704729018869498,1.75103911575509,1.35815600317577,-0.597802299420437,-0.556713515749976,-0.249008528368473,-0.671283514653525,-0.405615376311357,-0.415042413403535,-0.403610801981943,-0.398402933330238,0.702079919624296,0.218407306286682,-0.825188765513968,0.419466754232379,-0.388261958820596,-0.35381243776704,-0.199386344718796,0.145744007539738,0.258801844790457,0.447389677029871,0.439460613708134,0.248810733244745,0.364969493337533,-1.32446839949423,-0.341787705998533,-0.400425781202477,-0.858344654642339,-1.19520874574242,-0.120467533961611,-0.174255704699853,-0.284653548111742,-0.440637866444353,-0.837085506937746,-0.514185894563966,-0.392188896752954,3.25820443623287,2.13536026674643,1.57185371452631,2.36187496461188,0.215092856813351,0.331384799667873,2.93974059687516,2.04917018613589,-0.348177480105129,-0.0920438707707186,-0.186877417518348,4.05146688034406,0.552576300548901,-1.54589267651339,-2.6428072979324,0.000283689800930162,-1.13517628450898,-0.437337423354278,0.000138206691862464,0.787177513905987,-18245.2798619507
-1.23475993444165,8.69109078140276,2.49866996153279,-1.17062443998515,0.704748484744646,1.63756550343175,1.33611620435035,-0.593340693223671,-0.537061856181053,-0.360715699945342,-0.691032124970065,-0.400952012263363,-0.382921923730209,-0.341832181286005,-0.261242640139293,0.71201746012004,0.226779493271583,-0.95587138681583,0.424784668004214,-0.393319435554798,-0.381881325235443,-0.224918663742746,0.128990513011276,0.254664267122413,0.596869620083977,0.439828387299362,0.26003191805299,0.369483718409885,-1.25650238810828,-0.396186251360358,-0.392980243444478,-0.857955938574241,-1.19319448840555,-0.122154784404724,-0.171986303034465,-0.286345009351208,-0.448062090001424,-0.330896116485563,-0.507772839052657,-0.504051267629586,3.2971726361196,2.19532605069482,1.66280412806418,2.39627952498083,0.211206326745656,0.255790740327409,2.72315666734142,2.21916983000932,-0.360518807951676,-0.0869285584521875,-0.251239952783424,4.14365089160659,0.587894491772689,-1.76565198414829,-2.62940866380694,0.00029014101312866,-1.13894946258699,-0.442579023565568,0.000138119465983448,0.795189420490062,-18242.2431796839
-1.24742668058734,8.73789480557705,2.66530441386522,-1.20735572474716,0.682433910954293,1.56764845598057,1.31806959198282,-0.589621587366744,-0.560269744847172,-0.369984886444648,-0.70213230194982,-0.398785910794513,-0.406015643242784,-0.391597950298104,-0.374052128964997,0.716856204128089,0.224094480270353,-1.01754819987167,0.42633269860232,-0.376273904948378,-0.33818521115555,-0.216864468640396,0.146279904580877,0.247037976290234,0.510995366634205,0.434698786407653,0.273235380052067,0.377931253055588,-1.14861893242889,-0.352513977277919,-0.388666083063456,-0.883353891913674,-1.18350731622013,-0.121997770517765,-0.170011891450663,-0.285011802418745,-0.423898753698368,-0.135571700659578,-0.448053739418755,-0.411569651233448,3.3154562754708,2.20213467450968,1.71307187629311,2.4267866180452,0.205147236872067,0.285023449523817,2.59806337660135,2.34333400115411,-0.369934785897156,-0.0782082769703114,-0.308221110459787,4.20785750223768,0.610832516934214,-1.87424104364835,-2.62471155151344,0.000288725481386153,-1.14538409907836,-0.44584938263214,0.000139164243279004,0.800384082058689,-18239.6258970497
-1.27243803283994,8.89051901479264,3.13306783151199,-1.18709852823619,0.651689472677893,1.3897984154788,1.28681618889247,-0.59761930459997,-0.598246349817865,-0.516735882764631,-0.792420704389476,-0.393307587806649,-0.418392168485488,-0.404820287084781,-0.375614192046129,0.737683859843921,0.231759239405651,-1.06477826628495,0.429599956890962,-0.361674761651557,-0.357713912090291,-0.237078531546466,0.123413607619725,0.226011885982233,0.504584922605566,0.428066634916091,0.290395487174687,0.382187461380414,-1.0391448735059,-0.382657859125391,-0.383385653143254,-0.89699488501132,-1.18142561655256,-0.121364757764762,-0.154643203287007,-0.312917587188783,-0.456943562715551,-0.816063926051742,-0.37692968144417,-0.427907115088176,3.34960549046703,2.21904538631313,1.68722861241428,2.40927164007421,0.200721727872029,0.29972654262377,2.42041327661301,2.79781555669924,-0.408196454265827,-0.0381605432258534,-0.378645905239786,4.42903126853417,0.65967247928607,-1.89724014728952,-2.61418405989012,0.000274863211916405,-1.16679642142483,-0.479189466811587,0.000136628913063749,0.815061765930295,-18233.3560607584
-1.28865477088488,8.87667644664398,3.09216730146193,-1.26202866786269,0.65538317684792,1.39758952368262,1.30344871608477,-0.593483403694995,-0.588282934440174,-0.537250975665307,-0.771912561300424,-0.390719858346078,-0.408576346060792,-0.392092633450668,-0.351058479239016,0.746540823935041,0.239972029139656,-1.05399463857876,0.451014832048238,-0.347938297968565,-0.289726461078203,-0.216626608977429,0.168803833340434,0.233622485955717,0.468573585528136,0.433917292399475,0.300203718770605,0.398364688503344,-1.01956155075774,-0.310773439831338,-0.374957306519888,-0.902020111114319,-1.16143889914206,-0.12119678804949,-0.151332609624419,-0.324235833332179,-0.474010303367165,-0.877350572761911,-0.449944469775418,-0.445155568402821,3.3636590732018,2.2363188010284,1.67328939509487,2.42463004931057,0.198015916276765,0.222236016849007,2.44269339856135,2.87708203723931,-0.41581036078514,-0.0447522123890134,-0.380845580244578,4.45467640424889,0.657427674680307,-1.86735420695745,-2.61228627215752,0.000282841408160074,-1.16639729250161,-0.475094775792234,0.000138999046773281,0.817977279047404,-18232.7444618616
-1.30938834176741,8.89714246116863,2.47361924119782,-1.26897768667709,0.666090365573749,1.48970154459458,1.30360199706006,-0.599057338637945,-0.592996706437535,-0.55664144228942,-0.795604522888815,-0.387471528030336,-0.402851572391705,-0.389930014387469,-0.340482036190348,0.759469883518424,0.244713247579843,-1.04171162004461,0.452924971456169,-0.349060221179863,-0.30560190002476,-0.223948062968535,0.152053350094097,0.227185610374084,0.431413784955489,0.437078055005316,0.302381607068809,0.402896613235586,-0.935639005033039,-0.317914100759611,-0.374810964003596,-0.930740064834861,-1.15913306246794,-0.121808815694334,-0.149613439047353,-0.323865112938099,-0.463419120430159,-0.865646098309037,-0.385940459964053,-0.453028921110741,3.40209764716094,2.27607721473302,1.71097229115902,2.47198858165317,0.193298386344011,0.261121805228966,2.66408381518386,3.1694258397899,-0.447675024255127,-0.0214861164368267,-0.355113483391712,4.48260702840254,0.611384464326331,-1.64049024106702,-2.63526773286795,0.000298745540680664,-1.17287854396349,-0.420351122451805,0.000140792718337328,0.822507472208937,-18230.2777817058
-1.30717172361525,8.9579813940195,2.22045626668883,-1.26365727081961,0.642706920544677,1.43567990220704,1.30426707855543,-0.60587390247932,-0.613101940458998,-0.502464890639158,-0.799717254870677,-0.39085805268869,-0.423297188748729,-0.422509996339351,-0.396941433067211,0.761047536365424,0.243670447800133,-1.07249094752719,0.451089522851296,-0.350827299268538,-0.308231288115278,-0.22668940700894,0.15817580122903,0.229334446310267,0.541989068305777,0.435869614827218,0.302792340374569,0.401637478506797,-0.925215932489674,-0.303506629804352,-0.376715581023451,-0.937171474422583,-1.15836402876145,-0.121268100996138,-0.144877462577079,-0.337707194663318,-0.474906995269515,-0.858338953448043,-0.449410678201729,-0.415973547577494,3.39187027015957,2.25102208276887,1.74363915470645,2.43336935300222,0.195860796580712,0.256900788725955,2.76523059972821,3.31030510069002,-0.462708335018079,-0.0212543824406938,-0.347096367536862,4.49022212547716,0.591426904447142,-1.55162968152127,-2.64066324944704,0.000296323856590568,-1.17773084847251,-0.399690680476325,0.00014148259193318,0.824071301140943,-18229.6808949923
-1.34199004147567,9.08939882650398,2.1225664048475,-1.25919963931538,0.666494505114236,1.5222844667988,1.32106571008834,-0.625506204970013,-0.621318221145474,-0.492133004742134,-0.804881330443856,-0.396009747749791,-0.422342308209775,-0.423604590552602,-0.395322568750634,0.778848755128795,0.241924328927544,-1.06459545156533,0.457427829702627,-0.37409187488335,-0.345670214153757,-0.237747520440728,0.144499378252855,0.241639089288607,0.496276408043636,0.458785471828872,0.303571932134857,0.412213787732245,-0.916498672616676,-0.309076243655214,-0.368184838301006,-0.94628241815435,-1.15460016540855,-0.11783815641822,-0.147973285022647,-0.333238081424924,-0.467885672249306,-0.914897859572939,-0.42850239727385,-0.42276131613873,3.49325461492943,2.31922831009492,1.80234904039505,2.51368975814802,0.205967828640467,0.344022808652094,2.82539952679531,4.27779661291392,-0.546044856415372,-0.0158728778493913,-0.329196214618228,4.31021063789838,0.592587880146861,-1.62987325710836,-2.6894639328851,0.000275390492633402,-1.20052845282122,-0.387159389918589,0.0001373663058613,0.852115455459034,-18225.7498464207
-1.39461625350901,9.16971007123761,2.10354305606724,-1.27541129108452,0.682832438740943,1.58440396306632,1.34333650138746,-0.661043441258978,-0.625979785056254,-0.475017279642169,-0.797821401252521,-0.420880937804115,-0.420358414950472,-0.415299358566506,-0.374972981417936,0.80497135088271,0.243867571846473,-1.06191878921043,0.46677301755091,-0.40161372162877,-0.376933534511345,-0.250503744705928,0.146066977162288,0.257808580691434,0.485789482240698,0.479725034902504,0.305744783780025,0.42040717209452,-0.97995476263734,-0.306445792679616,-0.353818509076056,-0.942805990211568,-1.14132282393005,-0.116898209237655,-0.147154879798962,-0.336332223550423,-0.471536527322475,-0.936540107188735,-0.432475845127452,-0.442678760408793,3.63077091632692,2.40794033510028,1.86771193905374,2.60232486646262,0.218955648037749,0.4277329757596,2.87856549730186,5.72492699174667,-0.673919668701105,-0.0135624616183084,-0.30947180577002,4.38935218189216,0.573511734060883,-1.72709731563165,-2.63548184618471,0.000255473118232564,-1.21844565203,-0.382928960174061,0.000134096239400777,0.894350411618551,-18222.7134503439
-1.45640675729106,9.17546554244183,2.11962614975036,-1.30049781358417,0.684795651954422,1.59927481154248,1.35309095879295,-0.702732955680354,-0.630594244377833,-0.46062874258527,-0.798089983981254,-0.449333140150736,-0.422038481562043,-0.409010719533547,-0.36184272229449,0.834478540458151,0.250406837590936,-1.05505873658235,0.4767485036918,-0.422449121756467,-0.394899793365704,-0.262132261622503,0.152247317099763,0.269216962514415,0.493201130236326,0.489630901935969,0.311067170098816,0.424764493123094,-1.02217349945209,-0.303605393855438,-0.33673772831467,-0.927361813164527,-1.12334741350229,-0.11745529542701,-0.148651813255694,-0.346468020247005,-0.47681433706359,-0.923112522321101,-0.446499368724707,-0.450591647644827,3.79223893360755,2.51218292921242,1.96443600603374,2.70788406733984,0.232957221103457,0.470338228303053,2.9102210073703,7.34027886067258,-0.820555215801012,-0.0118525312829067,-0.307583385473753,4.37795265788175,0.551647183996702,-1.79336398973809,-2.56433810103839,0.000242332086068656,-1.22426718884778,-0.384854392282822,0.000134063071183679,0.943492045321233,-18220.3442700319
-1.52533787462009,9.1106704241937,2.14361286397349,-1.32607505073029,0.675979357298639,1.58318948301891,1.35497685965483,-0.748509835957402,-0.63629096821824,-0.454921038567637,-0.804790766579766,-0.479870990552476,-0.427418183130792,-0.405741627863703,-0.357920808212191,0.867202734036466,0.262340933288344,-1.04156202522102,0.489860793129793,-0.434722660656922,-0.405922170515669,-0.272389314156229,0.159387539475994,0.275397481559829,0.509652658884248,0.490596494108927,0.321012911346893,0.427482471860808,-1.03381257588206,-0.301624813306438,-0.321351532361071,-0.902115097780125,-1.10149175770178,-0.12196689804992,-0.14838356804809,-0.364957023542095,-0.48314039800091,-0.889642914348493,-0.460110949888531,-0.448382055059006,3.98521525781265,2.6383758676859,2.09083869990584,2.83852189088201,0.247680151589476,0.499148476835077,2.89593781761719,9.1151345860853,-0.991189016053375,-0.0112875443274835,-0.325173548456031,4.45271271134066,0.517771558866726,-1.81242150875852,-2.44357874978757,0.00023639495785907,-1.21947693112361,-0.388952773642068,0.00013276813521626,0.998958728294042,-18218.305265072
-1.55951102180798,9.03713392810512,2.14574499690314,-1.33886992873475,0.664945763390579,1.55471408376336,1.3479051268569,-0.772206902209816,-0.639809080372075,-0.463533891381665,-0.812253823943469,-0.494559210894465,-0.431707591257712,-0.405896181641002,-0.360119364427049,0.883972737716492,0.27309733461048,-1.02623501204987,0.49588681779127,-0.429640777799117,-0.401930153777921,-0.273102874775717,0.16314449592911,0.273870377302148,0.52010861103304,0.484478751878323,0.328810168615663,0.427470999391456,-1.00455398217143,-0.299560523972843,-0.315179598987324,-0.885136768455011,-1.08934298212306,-0.1266938125003,-0.150719204920931,-0.381631703090779,-0.488209108953247,-0.873176301712887,-0.465190661352591,-0.441170468777009,4.10872908736314,2.72448599895594,2.18299833266249,2.92936614264995,0.255298098496357,0.499609605655523,2.8560647219246,10.0254092352247,-1.09441510532908,-0.00964915170084288,-0.346225025555788,4.46819940202969,0.500806541335266,-1.7787644450814,-2.37615224124344,0.000239105729517078,-1.21038061819742,-0.390614689940575,0.000135035934077436,1.02987054804952,-18217.3282197145
-1.56701862505774,9.00125567233389,2.14644493748142,-1.33662999689546,0.65959589308443,1.53854173243039,1.34373112899065,-0.778259105850608,-0.642837914085537,-0.473096453146134,-0.816156407595535,-0.497229357589114,-0.435081393270127,-0.408142583278922,-0.365328159568663,0.888805330414493,0.27956093879524,-1.01453453157866,0.500057979871349,-0.421420876392099,-0.396011331518002,-0.271115329440175,0.162975496673417,0.270438471328889,0.522144121138454,0.479638746833863,0.335224673260337,0.42815561557324,-0.968787886937073,-0.296049717281489,-0.317104598466227,-0.877071672211813,-1.08509330338384,-0.131884787301891,-0.150239044890758,-0.393810457846649,-0.491570131478139,-0.874462885960974,-0.466195692226417,-0.436747655861612,4.17183249682981,2.77281486729988,2.23716726660821,2.98127477768263,0.258696990411424,0.492495215593325,2.81077676103286,10.2469375907084,-1.14385519900347,-0.00967481730539982,-0.356381863672263,4.474650659321,0.501476997500895,-1.74180999422166,-2.34568143305983,0.000245865095249521,-1.20451427041881,-0.391175196519993,0.000133961042363298,1.04069734360807,-18216.8720139394
-1.56242068538206,8.99703761579017,2.14188532863547,-1.33388352699221,0.658783242445058,1.53582567573578,1.34114386008403,-0.776613054296946,-0.644199213442085,-0.477182941220874,-0.816556761767062,-0.494951154090304,-0.435534027887966,-0.408873081808742,-0.365868914775329,0.88862095182014,0.282976031275454,-1.00627438218759,0.500866434023842,-0.41684318656315,-0.392437826265254,-0.269013335584905,0.16205267830006,0.268450528628408,0.51907338725045,0.477818062156136,0.338818016399402,0.429006208719422,-0.946301985993363,-0.292790717148367,-0.319104023814097,-0.875407363529609,-1.08475450760482,-0.134743229693983,-0.152143735440155,-0.399798622303857,-0.494159218118571,-0.882273586383126,-0.465905669437656,-0.436382625105997,4.20298500923198,2.80172005393939,2.26891492030712,3.01229145308093,0.259948917857261,0.487676538293763,2.79443021148822,10.125362463338,-1.16674262962109,-0.00950166374791276,-0.352707366344456,4.47422935794837,0.514063888681743,-1.72672103860781,-2.35413603650943,0.000250796459959821,-1.20330403846126,-0.390746055995401,0.000135476987503716,1.04208020507043,-18216.6772749144
-1.55868586556112,9.01482713552101,2.1497605393811,-1.33048140915161,0.661161964857978,1.5412798535786,1.34300256677683,-0.774743053075413,-0.645450816947674,-0.473764611841781,-0.815316681986449,-0.493649743857666,-0.435869560354177,-0.409309227522436,-0.366101213213158,0.888276720116404,0.28374238536584,-1.00427768950996,0.502834154394273,-0.419969682625854,-0.394960090919497,-0.270659269763075,0.160900335657258,0.268392911879275,0.516066657287772,0.479004218492434,0.340842106790004,0.430406077522478,-0.944360650812932,-0.290821579195548,-0.320891344414717,-0.875351687651901,-1.08503632438786,-0.136372629880874,-0.15152929250522,-0.400278685044433,-0.49507005302955,-0.885833556988592,-0.466023524178032,-0.43848896367854,4.21852433575603,2.81714318594232,2.28514461844872,3.0283776287199,0.261439400228319,0.485944566473625,2.79630938378764,9.96278516550421,-1.18232699368931,-0.00991220325935822,-0.34401661260152,4.45627823697809,0.530089864221808,-1.73311678864177,-2.36583176053163,0.000251732822283303,-1.20519748114356,-0.391623645212746,0.00013415176750426,1.04182250123306,-18216.6154145997
-1.55805398602192,9.02568544540954,2.15378840939621,-1.33115801891719,0.662543181035892,1.54501374471439,1.34400326413731,-0.774957707784946,-0.645732857430726,-0.469337229317084,-0.814332409420607,-0.494167445265168,-0.435488414584209,-0.408787368367538,-0.364739174708544,0.888650234971215,0.283980477348336,-1.00440611564777,0.503294136046697,-0.423366194530127,-0.397597185173966,-0.272225479377889,0.160890546489056,0.26893541269497,0.514583250813756,0.480101373644762,0.341142644541642,0.431027460258388,-0.94789096875987,-0.290674650681739,-0.320454358185928,-0.875448471373881,-1.08506076818694,-0.136371422546484,-0.152141267148829,-0.398434428274583,-0.495358885866214,-0.885486644458654,-0.466101401357359,-0.439978836040698,4.22889895934463,2.82694714700301,2.2947281600132,3.03813202369887,0.262562780261813,0.486294852842329,2.80671804279581,9.84721638601513,-1.19802945074568,-0.010149291072729,-0.338490648398266,4.4603101147877,0.541913508929959,-1.7420535235508,-2.37679887620166,0.000250033725089007,-1.20678301979763,-0.392184966400307,0.000134612495050374,1.04264703960834,-18216.5958371798
-1.55916519076824,9.03264666787056,2.15736898403142,-1.33172725892572,0.663398940227827,1.54645230360932,1.34496416956778,-0.776083915841223,-0.646141338803903,-0.466003651813385,-0.814027104329669,-0.495414730200156,-0.435636298303895,-0.408593604327418,-0.364373733043904,0.889306056551054,0.284023048944607,-1.00525822774441,0.503974652913626,-0.425910413265404,-0.399596767444354,-0.273710761541552,0.161051838031614,0.269296671733768,0.514169824672159,0.480804338510371,0.341292327024252,0.431471300295228,-0.951209534626427,-0.290950357301704,-0.320047131936022,-0.874967718746976,-1.08482740957259,-0.136302700992735,-0.151910213538003,-0.396648944278769,-0.495308282891761,-0.88388800085837,-0.466179255682339,-0.440809933871063,4.23699919651971,2.83361140810833,2.30131659239486,3.04459577493387,0.263634977505214,0.484578681621169,2.8122015907961,9.7372975270929,-1.21688602389962,-0.0104657401612881,-0.336446966725364,4.45577675370791,0.553437337531744,-1.74712268473056,-2.38407371766629,0.000248103867299533,-1.2076398310986,-0.392681656399336,0.000134290909965816,1.0439916234706,-18216.585757574
-1.56111367202377,9.03598988244967,2.1571830942121,-1.33280557757342,0.663827314366415,1.54633798446383,1.34540469436468,-0.777781631685274,-0.646611587792283,-0.463830553781505,-0.814234870497281,-0.496975403547433,-0.435937964015596,-0.408475047165091,-0.364196512954473,0.890131472897047,0.284176359343358,-1.00574709534103,0.504430661186791,-0.427266232767877,-0.40069152942052,-0.274770957080386,0.161419548427321,0.269480905132611,0.514107328762763,0.481107697056442,0.341421885154913,0.431828047450677,-0.952709415832211,-0.291446794639441,-0.319374729613248,-0.874096230972634,-1.08446179629098,-0.136107440503345,-0.151800130502074,-0.395207080323803,-0.495313467253921,-0.882147288568285,-0.46624038953275,-0.441134537742644,4.24584266022295,2.84036877802908,2.30813300410899,3.05122655390885,0.264681972534996,0.480626313540202,2.81420971678451,9.55360626203717,-1.24730035021256,-0.0109586630667624,-0.336485120297401,4.45630477188895,0.56944643103809,-1.74864548327361,-2.39390276564141,0.000246105609444214,-1.20792076703671,-0.392741285460622,0.00013420718407424,1.0457712155536,-18216.5758873514
-1.56321223678244,9.03620280229589,2.15337856328958,-1.33360615802407,0.663995559629825,1.54513563725181,1.34535429773313,-0.779304962569561,-0.647107454106017,-0.464008500950161,-0.814857669915192,-0.498077795728279,-0.436368585504044,-0.408623557708562,-0.364477009236982,0.890889443828302,0.284364427874227,-1.00544577322823,0.504691790022098,-0.427027046369912,-0.400571433793567,-0.275115943873397,0.161715254955941,0.269415852082743,0.514327427378654,0.48100839482454,0.341704984608788,0.432103710646021,-0.951645901390593,-0.291713687905626,-0.318888144203469,-0.873183091047908,-1.08404253765621,-0.136017844306002,-0.151661347124562,-0.395192722049616,-0.495494790351151,-0.881501088089719,-0.466396335847848,-0.440930998221516,4.25227625972012,2.84470979810901,2.31272658700823,3.05564729041691,0.265343428427997,0.474637595839419,2.81122993298887,9.31929055539183,-1.2857018561409,-0.0114681290367682,-0.338342107807488,4.45323637646223,0.587244807087982,-1.74621371461699,-2.40538066521464,0.000245154604952218,-1.20762334636791,-0.392334156502596,0.000134127930933514,1.04731760270969,-18216.5678339517
-1.56446805156953,9.03424773237589,2.14853456272037,-1.33382933165649,0.664016816707661,1.54411178406572,1.34497728125754,-0.779963150855634,-0.647342913516189,-0.465920275598897,-0.815401953409134,-0.49821701008237,-0.436605033412098,-0.40887630008242,-0.364868714939943,0.891306419131139,0.28446297529822,-1.00458868646879,0.504658768260045,-0.425764004475828,-0.399699872902171,-0.274748448581196,0.161782169906703,0.269239443938485,0.514644594727218,0.480712756546374,0.341974205106817,0.432190369880519,-0.949346479775569,-0.291603845659796,-0.318728270428516,-0.872778571758514,-1.08372974989731,-0.136070855236727,-0.151663504419328,-0.39658883157891,-0.495810483905256,-0.882232887530178,-0.466654600984437,-0.440427636202339,4.25360027746207,2.84485100684331,2.31309608890782,3.05605479120426,0.265350936860615,0.469851090066145,2.80669367223343,9.13606943555746,-1.31935504310503,-0.0118194075923514,-0.340480644672738,4.45139814314943,0.598870063314456,-1.74268917904761,-2.41397614631872,0.000245623221131083,-1.20708801236641,-0.391758225601425,0.000134164116314302,1.04801511485474,-18216.5634511409
-1.5647534208506,9.03296084133602,2.14629369023398,-1.33364315518935,0.664084153494194,1.54397651344986,1.34470901947903,-0.779930593614781,-0.647324509726351,-0.467478520405136,-0.815539331459258,-0.49786143990628,-0.436602066642578,-0.40902658966448,-0.365056571590967,0.891419025254799,0.284440996011114,-1.00400965996998,0.50454705827463,-0.424890211610276,-0.399099609204246,-0.274329245859543,0.161683577076664,0.269135387520135,0.514854320279433,0.480541953135348,0.342075134881061,0.432141033929493,-0.948096645256264,-0.29133283850411,-0.318791385245067,-0.872883000299748,-1.08355845788915,-0.136197184646687,-0.151734436472118,-0.398003374327171,-0.496047358556104,-0.883282201245371,-0.466871102378565,-0.440105098022644,4.25183254963759,2.84283769453733,2.31113543260818,3.05426572642396,0.265065720554189,0.467878821207453,2.8047293714904,9.06172478317319,-1.34141342063499,-0.0119190035402835,-0.341454249108334,4.4489425735738,0.601980584253298,-1.74122774821212,-2.41756691924349,0.000246548436329597,-1.20679591414221,-0.391477783211965,0.00013421421679565,1.04807400355062,-18216.5619050699
-1.56468410591636,9.03277673674525,2.14630882172092,-1.33345404437147,0.664182620788232,1.54431602538207,1.34465000695651,-0.779803650777135,-0.647242633581821,-0.467946192940162,-0.815443975495027,-0.497624832790622,-0.436523860204568,-0.409042430780883,-0.365041984410457,0.891443482455978,0.284387521687204,-1.00391851851548,0.50450180708411,-0.424732412162715,-0.399007134624463,-0.27418586541975,0.161591733426123,0.269131601584394,0.514943445265521,0.4805261431046,0.342035004170246,0.432068582508918,-0.948083628843831,-0.291169450880143,-0.318850559075701,-0.87309631145686,-1.08346242357839,-0.13629167843161,-0.151794749781008,-0.39863521580094,-0.496134958382991,-0.883845189548302,-0.466968879593273,-0.440032610613451,4.25028861775254,2.84133238060301,2.30955948254269,3.05285972441057,0.264878922966247,0.467638023691237,2.80510931396862,9.04939279410769,-1.35792499680003,-0.0119288728019613,-0.341543731943593,4.44804186734342,0.601052424120443,-1.74157741022529,-2.41823783201323,0.000247068384220124,-1.20675820673706,-0.391471427317669,0.000134236956592748,1.04804795783648,-18216.5614331154
-1.56461125770582,9.03305425235997,2.14703061923609,-1.33335687695239,0.664271218254986,1.54466677057299,1.3446786007493,-0.779773476502857,-0.647191082779093,-0.467894932542355,-0.815323427383228,-0.497578888745346,-0.436470069746021,-0.409008302043781,-0.364967811927202,0.891475168978284,0.284350968849108,-1.00406520323608,0.504510027186742,-0.424880761551721,-0.399116590498678,-0.274210013106489,0.161547586887287,0.269161841087519,0.514988185213989,0.480560850834733,0.341949008376973,0.432013390866795,-0.94850678428777,-0.291109152717658,-0.318866233792366,-0.873253671262417,-1.08338787853127,-0.136346179930425,-0.151824335387063,-0.398746871322547,-0.49614106384173,-0.884056030864171,-0.466983510146128,-0.440068037395793,4.24960502536012,2.84066342724394,2.30878531247169,3.05221259538976,0.264821666517536,0.467742161601212,2.80604568820514,9.05085901475241,-1.37680247789911,-0.0119239030813639,-0.341431437588113,4.44732704064674,0.5993096191133,-1.74237383999002,-2.41823518055743,0.00024722362760453,-1.20680308877906,-0.391548843252926,0.000134237666944766,1.04810167365703,-18216.561209934
-1,1,1,-1,1,1,1,-1,-1,-1,-1,-1,-1,-1,-1,1,1,-1,1,-1,-1,-1,1,1,1,1,1,1,-1,-1,-1,-1,-1,-1,-1,-1,-1,-1,-1,-1,1,1,1,1,1,1,1,1,-1,-1,-1,1,1,-1,-1,1,-1,-1,1,1,-18216.561209934
-1,1,1,-1,1,1,1,-1,-1,-1,-1,-1,-1,-1,-1,1,1,-1,1,-1,-1,-1,1,1,1,1,1,1,-1,-1,-1,-1,-1,-1,-1,-1,-1,-1,-1,-1,1,1,1,1,1,1,1,1,-1,-1,-1,1,1,-1,-1,1,-1,-1,1,1,-18216.561209934
-1.00000000358559,1.0000034947414,0.999999866839498,-1.00000016997568,1.00000004009344,0.999999976884574,0.999999984204769,-0.999999972078949,-0.999999974826351,-0.999999997625127,-1.00000000649132,-1.00000001684763,-0.999999976754189,-0.999999979119748,-0.999999985452741,1.00000001120381,1.00000006277114,-1.00000005043112,0.999999974686652,-1.00000003257766,-1.00000000989065,-0.999999989997596,0.999999996768311,1.00000001832843,0.999999992419034,1.00000002826564,0.999999994765967,1.00000003196299,-1.00000002006069,-1.00000000497326,-0.999999833442271,-1.00000008480623,-1.00000014199875,-0.999999959217384,-1.00000000567175,-0.999999944651499,-0.999999989932403,-1.00000000380911,-1.00000000558794,-0.999999983552843,0.99999990740791,1.00000036623329,0.999999943943694,0.999999932618812,1.00000000293367,1.00000004400499,0.999999958826229,1.00000003969297,-1.00000003167428,-0.999999999077991,-1.00000000483356,1.00000004236586,0.999999997904524,-1.00000006233342,-0.99999996131286,0.999999977136031,-0.999996560802683,-1.0000001939293,0.999999968493357,0.999999778335914,-18216.5612064193
